{
  "skins": 
  [ 
    {
      "localization_name": "戴雨默",
      "description": "棱镜安保部监护员",
      "geometry": "geometry.humanoid.customSlim",
      "texture": "戴雨默校服.png",
      "type": "free"
    },
    {
      "localization_name": "戴雨默重伤",
      "description": "棱镜安保部监护员",
      "geometry": "geometry.humanoid.customSlim",
      "texture": "SCP-342.png",
      "type": "free"
    },
    {
      "localization_name": "戴雨默jk",
      "description": "棱镜安保部轻型近战保全",
      "geometry": "geometry.humanoid.customSlim",
      "texture": "戴雨默JK制服.png",
      "type": "free"
    },
    {
      "localization_name": "戴雨默眯眼",
      "description": "棱镜安保部轻型近战保全",
      "geometry": "geometry.humanoid.customSlim",
      "texture": "JMGS projects  (6).png",
      "type": "free"
    },
    {
      "localization_name": "戴雨默运动服",
      "description": "棱镜安保部轻型近战保全",
      "geometry": "geometry.humanoid.customSlim",
      "texture": "XF Dai_Yu mo.png",
      "type": "free"
    },
    {
      "localization_name": "戴雨默日常",
      "description": "棱镜安保部重型近战保全",
      "geometry": "geometry.humanoid.customSlim",
      "texture": "青春律动.png",
      "type": "free"
    },
    {
      "localization_name": "戴雨默2019重制版",
      "description": "棱镜安保部轻型远距高伤执法员",
      "geometry": "geometry.humanoid.customSlim",
      "texture": "戴雨默2019重置版.png",
      "type": "free"
    },
    {
      "localization_name": "戴柔怡",
      "description": "棱镜安保部轻型远距高伤执法员",
      "geometry": "geometry.humanoid.customSlim",
      "texture": "JK_Zhen de.png",
      "type": "free"
    },
    {
      "localization_name": "邹樱语",
      "description": "解密公司",
      "geometry": "geometry.humanoid.customSlim",
      "texture": "jk_Zhou Yingyu.png",
      "type": "free"
    },
    {
      "localization_name": "邹樱语日常",
      "description": "解密公司",
      "geometry": "geometry.humanoid.customSlim",
      "texture": "陈小慧.png",
      "type": "free"
    },
    {
      "localization_name": "权伟华",
      "description": "基岩组织轻型远距高伤佣兵",
      "geometry": "geometry.humanoid.customSlim",
      "texture": "权伟华.png",
      "type": "free"
    },
    {
      "localization_name": "解密公司史蒂夫",
      "description": "棱镜安保部超重型近战保全",
      "geometry": "geometry.humanoid.customSlim",
      "texture": "解密公司史蒂夫.png",
      "type": "free"
    },
    {
      "localization_name": "解密公司D级人员",
      "description": "棱镜安保部超重型近战保全",
      "geometry": "geometry.humanoid.customSlim",
      "texture": "SCP-LV.D personnel.png",
      "type": "free"
    },
    {
      "localization_name": "解密公司亚历克斯",
      "description": "解密公司",
      "geometry": "geometry.humanoid.customSlim",
      "texture": "解密公司亚历克斯.png",
      "type": "free"
    },
    {
      "localization_name": "小爱",
      "description": "解密公司",
      "geometry": "geometry.humanoid.customSlim",
      "texture": "小爱.png",
      "type": "free"
    },
    {
      "localization_name": "d0048553",
      "description": "解密公司",
      "geometry": "geometry.humanoid.customSlim",
      "texture": "d0048553.png",
      "type": "free"
    },
    {
      "localization_name": "解密公司相潆泓",
      "description": "解密公司",
      "geometry": "geometry.humanoid.customSlim",
      "texture": "解密公司相潆泓.png",
      "type": "free"
    },
    {
      "localization_name": "解密公司红后",
      "description": "解密公司",
      "geometry": "geometry.humanoid.customSlim",
      "texture": "解密公司红后.png",
      "type": "free"
    },
    {
      "localization_name": "米雪",
      "description": "解密公司",
      "geometry": "geometry.humanoid.customSlim",
      "texture": "解密公司米雪.png",
      "type": "free"
    },
    {
      "localization_name": "快速反应部队",
      "description": "解密公司",
      "geometry": "geometry.humanoid.customSlim",
      "texture": "解密公司快速反应部队.png",
      "type": "free"
    },
    {
      "localization_name": "风云城安保",
      "description": "解密公司",
      "geometry": "geometry.humanoid.customSlim",
      "texture": "JMGS_SCP_steve.png",
      "type": "free"
    },
    {
      "localization_name": "解密公司僵尸",
      "description": "解密公司",
      "geometry": "geometry.humanoid.customSlim",
      "texture": "解密公司僵尸.png",
      "type": "free"
    },
    {
      "localization_name": "解密公司僵尸II",
      "description": "解密公司",
      "geometry": "geometry.humanoid.customSlim",
      "texture": "SCP-008.png",
      "type": "free"
    },
    {
      "localization_name": "解密公司尸壳",
      "description": "解密公司",
      "geometry": "geometry.humanoid.customSlim",
      "texture": "解密公司尸壳.png",
      "type": "free"
    },
    {
      "localization_name": "解密公司僵尸猪人",
      "description": "解密公司",
      "geometry": "geometry.humanoid.customSlim",
      "texture": "解密公司僵尸猪人.png",
      "type": "free"
    },
    {
      "localization_name": "科技风云",
      "description": "解密公司",
      "geometry": "geometry.humanoid.customSlim",
      "texture": "科技风云.png",
      "type": "free"
    },
    {
      "localization_name": "战术风云",
      "description": "解密公司",
      "geometry": "geometry.humanoid.customSlim",
      "texture": "战争风云.png",
      "type": "free"
    },
    {
      "localization_name": "校服风云",
      "description": "解密公司",
      "geometry": "geometry.humanoid.customSlim",
      "texture": "迈阿密 (1).png",
      "type": "free"
    },
    {
      "localization_name": "棱镜风云",
      "description": "解密公司",
      "geometry": "geometry.humanoid.customSlim",
      "texture": "风云.png",
      "type": "free"
    },
    {
      "localization_name": "喵喵酱",
      "description": "解密公司",
      "geometry": "geometry.humanoid.customSlim",
      "texture": "XMZX.png",
      "type": "free"
    },
    {
      "localization_name": "喵喵酱2020重制版",
      "description": "解密公司",
      "geometry": "geometry.humanoid.customSlim",
      "texture": "SF2.png",
      "type": "free"
    },
    {
      "localization_name": "郭冠云",
      "description": "解密公司",
      "geometry": "geometry.humanoid.customSlim",
      "texture": "WM.png",
      "type": "free"
    },
    {
      "localization_name": "郭冠云夏装",
      "description": "解密公司",
      "geometry": "geometry.humanoid.customSlim",
      "texture": "SM.png",
      "type": "free"
    },
    {
      "localization_name": "徐初浔",
      "description": "解密公司",
      "geometry": "geometry.humanoid.customSlim",
      "texture": "WF.png",
      "type": "free"
    },
    {
      "localization_name": "徐初浔夏装",
      "description": "解密公司",
      "geometry": "geometry.humanoid.customSlim",
      "texture": "SF.png",
      "type": "free"
    },
    {
      "localization_name": "赵妙兮",
      "description": "解密公司",
      "geometry": "geometry.humanoid.customSlim",
      "texture": "SF1.png",
      "type": "free"
    }
  ],
  "serialize_name": "解密公司皮肤包",
  "localization_name": "解密公司皮肤包"
}