{
  "skins": 
  [ 
    {
      "localization_name": "监护者",
      "description": "棱镜安保部监护员",
      "geometry": "geometry.humanoid.customSlim",
      "texture": "监护者.png",
      "type": "free"
    },
    {
      "localization_name": "保护者",
      "description": "棱镜安保部轻型近战保全",
      "geometry": "geometry.humanoid.customSlim",
      "texture": "保护者.png",
      "type": "free"
    },
    {
      "localization_name": "冲击者",
      "description": "棱镜安保部重型近战保全",
      "geometry": "geometry.humanoid.customSlim",
      "texture": "冲击者.png",
      "type": "free"
    },
    {
      "localization_name": "执法者",
      "description": "棱镜安保部轻型远距高伤执法员",
      "geometry": "geometry.humanoid.customSlim",
      "texture": "执法者.png",
      "type": "free"
    },
    {
      "localization_name": "执行者",
      "description": "基岩组织轻型远距高伤佣兵",
      "geometry": "geometry.humanoid.customSlim",
      "texture": "执行者.png",
      "type": "free"
    },
    {
      "localization_name": "哨兵",
      "description": "棱镜安保部超重型近战保全",
      "geometry": "geometry.humanoid.customSlim",
      "texture": "哨兵.png",
      "type": "free"
    },
    {
      "localization_name": "暗黑幻想",
      "description": "棱镜国度",
      "geometry": "geometry.humanoid.customSlim",
      "texture": "暗黑幻想.png",
      "type": "free"
    },
    {
      "localization_name": "骷髅外套",
      "description": "棱镜国度",
      "geometry": "geometry.humanoid.customSlim",
      "texture": "骷髅外套.png",
      "type": "free"
    },
    {
      "localization_name": "影袭部队",
      "description": "棱镜国度",
      "geometry": "geometry.humanoid.customSlim",
      "texture": "影袭部队.png",
      "type": "free"
    },
    {
      "localization_name": "人间兵器",
      "description": "棱镜国度",
      "geometry": "geometry.humanoid.customSlim",
      "texture": "人间兵器.png",
      "type": "free"
    },
    {
      "localization_name": "不死神兵",
      "description": "棱镜国度",
      "geometry": "geometry.humanoid.customSlim",
      "texture": "不死神兵.png",
      "type": "free"
    },
    {
      "localization_name": "重型武装",
      "description": "棱镜国度",
      "geometry": "geometry.humanoid.customSlim",
      "texture": "重型武装.png",
      "type": "free"
    },
    {
      "localization_name": "强袭铠甲",
      "description": "棱镜国度",
      "geometry": "geometry.humanoid.customSlim",
      "texture": "强袭铠甲.png",
      "type": "free"
    },
    {
      "localization_name": "绯红战甲",
      "description": "棱镜国度",
      "geometry": "geometry.humanoid.customSlim",
      "texture": "绯红战甲.png",
      "type": "free"
    },
    {
      "localization_name": "珊瑚护甲",
      "description": "棱镜国度",
      "geometry": "geometry.humanoid.customSlim",
      "texture": "珊瑚护甲.png",
      "type": "free"
    },
    {
      "localization_name": "粒子联结",
      "description": "棱镜国度",
      "geometry": "geometry.humanoid.customSlim",
      "texture": "粒子联结.png",
      "type": "free"
    },
    {
      "localization_name": "许淑瑶·兄弟会作战服",
      "description": "棱镜国度",
      "geometry": "geometry.humanoid.customSlim",
      "texture": "许淑瑶·兄弟会作战服.png",
      "type": "free"
    },
    {
      "localization_name": "虚空骑士·月华",
      "description": "棱镜国度",
      "geometry": "geometry.humanoid.customSlim",
      "texture": "虚空骑士·月华.png",
      "type": "free"
    },
    {
      "localization_name": "战骑士·月兔",
      "description": "棱镜国度",
      "geometry": "geometry.humanoid.customSlim",
      "texture": "战骑士·月兔.png",
      "type": "free"
    },
    {
      "localization_name": "猫睿琳",
      "description": "棱镜国度",
      "geometry": "geometry.humanoid.customSlim",
      "texture": "猫睿琳.png",
      "type": "free"
    },
    {
      "localization_name": "许淑瑶冬季制服",
      "description": "棱镜国度",
      "geometry": "geometry.humanoid.customSlim",
      "texture": "许淑瑶冬季制服.png",
      "type": "free"
    },
    {
      "localization_name": "三猫猫",
      "description": "棱镜国度",
      "geometry": "geometry.humanoid.customSlim",
      "texture": "三猫猫.png",
      "type": "free"
    },
    {
      "localization_name": "三猫猫 (2)",
      "description": "棱镜国度",
      "geometry": "geometry.humanoid.customSlim",
      "texture": "三猫猫 (2).png",
      "type": "free"
    },
    {
      "localization_name": "周韵涵",
      "description": "棱镜国度",
      "geometry": "geometry.humanoid.customSlim",
      "texture": "周韵涵.png",
      "type": "free"
    },
    {
      "localization_name": "梦双辉",
      "description": "棱镜国度",
      "geometry": "geometry.humanoid.customSlim",
      "texture": "梦双辉.png",
      "type": "free"
    },
    {
      "localization_name": "梦双辉 (2)",
      "description": "棱镜国度",
      "geometry": "geometry.humanoid.customSlim",
      "texture": "梦双辉 (2).png",
      "type": "free"
    },
    {
      "localization_name": "金海",
      "description": "棱镜国度",
      "geometry": "geometry.humanoid.customSlim",
      "texture": "金海.png",
      "type": "free"
    },
    {
      "localization_name": "皮可西",
      "description": "棱镜国度",
      "geometry": "geometry.humanoid.customSlim",
      "texture": "皮可西.png",
      "type": "free"
    },
    {
      "localization_name": "诺瓦",
      "description": "棱镜国度",
      "geometry": "geometry.humanoid.customSlim",
      "texture": "诺瓦.png",
      "type": "free"
    },
    {
      "localization_name": "卡米拉·艾娃",
      "description": "棱镜国度",
      "geometry": "geometry.humanoid.customSlim",
      "texture": "卡米拉·艾娃.png",
      "type": "free"
    },
    {
      "localization_name": "纯洁青空",
      "description": "棱镜国度",
      "geometry": "geometry.humanoid.customSlim",
      "texture": "纯洁青空.png",
      "type": "free"
    },
    {
      "localization_name": "艾米莉亚·丸子",
      "description": "棱镜国度",
      "geometry": "geometry.humanoid.customSlim",
      "texture": "艾米莉亚·丸子.png",
      "type": "free"
    },
    {
      "localization_name": "月霜",
      "description": "棱镜国度",
      "geometry": "geometry.humanoid.customSlim",
      "texture": "月霜.png",
      "type": "free"
    },
    {
      "localization_name": "林静娴",
      "description": "棱镜国度",
      "geometry": "geometry.humanoid.customSlim",
      "texture": "林静娴.png",
      "type": "free"
    },
    {
      "localization_name": "风云",
      "description": "棱镜国度",
      "geometry": "geometry.humanoid.customSlim",
      "texture": "风云.png",
      "type": "free"
    },
    {
      "localization_name": "万尼·艾佛利·迈阿密",
      "description": "棱镜国度",
      "geometry": "geometry.humanoid.customSlim",
      "texture": "万尼·艾佛利·迈阿密.png",
      "type": "free"
    },
    {
      "localization_name": "许淑瑶·海滩派对",
      "description": "棱镜国度",
      "geometry": "geometry.humanoid.customSlim",
      "texture": "许淑瑶·海滩派对.png",
      "type": "free"
    },
    {
      "localization_name": "许淑瑶·田径外套",
      "description": "棱镜国度",
      "geometry": "geometry.humanoid.customSlim",
      "texture": "许淑瑶·田径外套.png",
      "type": "free"
    },
    {
      "localization_name": "许淑瑶·潜水服",
      "description": "棱镜国度",
      "geometry": "geometry.humanoid.customSlim",
      "texture": "许淑瑶·潜水服.png",
      "type": "free"
    }
  ],
  "serialize_name": "棱镜国度皮肤包",
  "localization_name": "棱镜国度皮肤包"
}