{
  "skins": 
  [ 
    {
      "localization_name": "苍穹的空洞-祭雪阁士兵·雷神量产(by风小云)",
      "description": "永恒世界",
      "geometry": "geometry.humanoid.customSlim",
      "texture": "苍穹的空洞-祭雪阁士兵·雷神量产(by风小云).png",
      "type": "free"
    },
    {
      "localization_name": "浴蝗大帝-阿加雷斯·雷神锤原型机(by风小云)",
      "description": "永恒世界",
      "geometry": "geometry.humanoid.customSlim",
      "texture": "浴蝗大帝-阿加雷斯·雷神锤原型机(by风小云).png",
      "type": "free"
    },
    {
      "localization_name": "光的终点-初浔·雷神之心(by风小云)",
      "description": "永恒世界",
      "geometry": "geometry.humanoid.customSlim",
      "texture": "光的终点-初浔·雷神之心(by风小云).png",
      "type": "free"
    },
    {
      "localization_name": "烈火焚天-烈焰·天神战甲(by风小云)",
      "description": "永恒世界",
      "geometry": "geometry.humanoid.customSlim",
      "texture": "烈火焚天-烈焰·天神战甲(by风小云).png",
      "type": "free"
    },
    {
      "localization_name": "穿越云霄-云梦夏夏·天神之心(by风小云)",
      "description": "永恒世界",
      "geometry": "geometry.humanoid.customSlim",
      "texture": "穿越云霄-云梦夏夏·天神之心(by风小云).png",
      "type": "free"
    },
    {
      "localization_name": "暗杀女皇-晓慧(by魂琴)",
      "description": "永恒世界",
      "geometry": "geometry.humanoid.customSlim",
      "texture": "暗杀女皇-晓慧(by魂琴).png",
      "type": "free"
    },
    {
      "localization_name": "藏在影子中的杀手-破影(by魂琴)",
      "description": "永恒世界",
      "geometry": "geometry.humanoid.customSlim",
      "texture": "藏在影子中的杀手-破影(by魂琴).png",
      "type": "free"
    },
    {
      "localization_name": "发芽的土豆-武文龙(by魂琴)",
      "description": "永恒世界",
      "geometry": "geometry.humanoid.customSlim",
      "texture": "发芽的土豆-武文龙(by魂琴).png",
      "type": "free"
    },
    {
      "localization_name": "风云城电疗所所长-舒塾郝(by魂琴)",
      "description": "永恒世界",
      "geometry": "geometry.humanoid.customSlim",
      "texture": "风云城电疗所所长-舒塾郝(by魂琴).png",
      "type": "free"
    },
    {
      "localization_name": "火车操作员-风岚(by依黎)",
      "description": "永恒世界",
      "geometry": "geometry.humanoid.customSlim",
      "texture": "火车操作员-风岚(by依黎).png",
      "type": "free"
    },
    {
      "localization_name": "搅动潮汐之剑-空条萌御(by魂琴)",
      "description": "永恒世界",
      "geometry": "geometry.humanoid.customSlim",
      "texture": "搅动潮汐之剑-空条萌御(by魂琴).png",
      "type": "free"
    },
    {
      "localization_name": "龙皇-龙辰·魔王武装(by魂琴)",
      "description": "永恒世界",
      "geometry": "geometry.humanoid.customSlim",
      "texture": "龙皇-龙辰·魔王武装(by魂琴).png",
      "type": "free"
    },
    {
      "localization_name": "审判者-思慕可(by魂琴)",
      "description": "永恒世界",
      "geometry": "geometry.humanoid.customSlim",
      "texture": "审判者-思慕可(by魂琴).png",
      "type": "free"
    },
    {
      "localization_name": "小吃街教父-灵枫(by依黎)",
      "description": "永恒世界",
      "geometry": "geometry.humanoid.customSlim",
      "texture": "小吃街教父-灵枫(by依黎).png",
      "type": "free"
    },
    {
      "localization_name": "湮灭的彼方-末影武装(by魂琴)",
      "description": "永恒世界",
      "geometry": "geometry.humanoid.customSlim",
      "texture": "湮灭的彼方-末影武装(by魂琴).png",
      "type": "free"
    },
    {
      "localization_name": "永不封号的传说-米银(by魂琴)",
      "description": "永恒世界",
      "geometry": "geometry.humanoid.customSlim",
      "texture": "永不封号的传说-米银(by魂琴).png",
      "type": "free"
    },
    {
      "localization_name": "沾染血污的天空-佐伊(by依黎)",
      "description": "永恒世界",
      "geometry": "geometry.humanoid.customSlim",
      "texture": "沾染血污的天空-佐伊(by依黎).png",
      "type": "free"
    },
    {
      "localization_name": "铁拳-镇海军(by依黎)",
      "description": "永恒世界",
      "geometry": "geometry.humanoid.customSlim",
      "texture": "铁拳-镇海军(by依黎).png",
      "type": "free"
    },
    {
      "localization_name": "轻甲-镇海军(by依黎)",
      "description": "永恒世界",
      "geometry": "geometry.humanoid.customSlim",
      "texture": "轻甲-镇海军(by依黎).png",
      "type": "free"
    },
    {
      "localization_name": "诺瓦退休再就业-风油精(by风小云)",
      "description": "永恒世界",
      "geometry": "geometry.humanoid.customSlim",
      "texture": "诺瓦退休再就业-风油精(by风小云).png",
      "type": "free"
    },
    {
      "localization_name": "末影之王-贝列(by依黎)",
      "description": "永恒世界",
      "geometry": "geometry.humanoid.customSlim",
      "texture": "末影之王-贝列(by依黎).png",
      "type": "free"
    },
    {
      "localization_name": "海上猎人-衰仔(by依黎)",
      "description": "永恒世界",
      "geometry": "geometry.humanoid.customSlim",
      "texture": "海上猎人-衰仔(by依黎).png",
      "type": "free"
    },
    {
      "localization_name": "浑水摸鱼真君-娴鱼(by阿兔酱)",
      "description": "永恒世界",
      "geometry": "geometry.humanoid.customSlim",
      "texture": "浑水摸鱼真君-娴鱼(by阿兔酱).png",
      "type": "free"
    },
    {
      "localization_name": "可爱的自然-艾妮(by依黎)",
      "description": "永恒世界",
      "geometry": "geometry.humanoid.customSlim",
      "texture": "可爱的自然-艾妮(by依黎).png",
      "type": "free"
    },
    {
      "localization_name": "鹿头大叔-王宇龙(by魂琴)",
      "description": "永恒世界",
      "geometry": "geometry.humanoid.customSlim",
      "texture": "鹿头大叔-王宇龙(by魂琴).png",
      "type": "free"
    },
    {
      "localization_name": "喵瞄淼妙-猫喵喵(by依黎)",
      "description": "永恒世界",
      "geometry": "geometry.humanoid.customSlim",
      "texture": "喵瞄淼妙-猫喵喵(by依黎).png",
      "type": "free"
    },
    {
      "localization_name": "清凉一夏-拾伍姬·泳装(by魂琴)",
      "description": "永恒世界",
      "geometry": "geometry.humanoid.customSlim",
      "texture": "清凉一夏-拾伍姬·泳装(by魂琴).png",
      "type": "free"
    },
    {
      "localization_name": "生之精灵-初浔(by依黎)",
      "description": "永恒世界",
      "geometry": "geometry.humanoid.customSlim",
      "texture": "生之精灵-初浔(by依黎).png",
      "type": "free"
    },
    {
      "localization_name": "石榴少女-羽嗄(by依黎)",
      "description": "永恒世界",
      "geometry": "geometry.humanoid.customSlim",
      "texture": "石榴少女-羽嗄(by依黎).png",
      "type": "free"
    },
    {
      "localization_name": "挖三填一真君-三猫猫(by魂琴)",
      "description": "永恒世界",
      "geometry": "geometry.humanoid.customSlim",
      "texture": "挖三填一真君-三猫猫(by魂琴).png",
      "type": "free"
    },
    {
      "localization_name": "小熊布偶-库玛(by魂琴)",
      "description": "永恒世界",
      "geometry": "geometry.humanoid.customSlim",
      "texture": "小熊布偶-库玛(by魂琴).png",
      "type": "free"
    },
    {
      "localization_name": "休闲养老真君-叶诗雨(by依黎)",
      "description": "永恒世界",
      "geometry": "geometry.humanoid.customSlim",
      "texture": "休闲养老真君-叶诗雨(by依黎).png",
      "type": "free"
    },
    {
      "localization_name": "大家的笨蛋-米娅·冬装(by魂琴)",
      "description": "永恒世界",
      "geometry": "geometry.humanoid.customSlim",
      "texture": "大家的笨蛋-米娅·冬装(by魂琴).png",
      "type": "free"
    },
    {
      "localization_name": "【国服特供】大家的笨蛋-米娅·冬装(by魂琴)",
      "description": "永恒世界",
      "geometry": "geometry.humanoid.customSlim",
      "texture": "【国服特供】大家的笨蛋-米娅·冬装(by魂琴).png",
      "type": "free"
    },
    {
      "localization_name": "大家的女仆-米娅·女仆装(by魂琴)",
      "description": "永恒世界",
      "geometry": "geometry.humanoid.customSlim",
      "texture": "大家的女仆-米娅·女仆装(by魂琴).png",
      "type": "free"
    },
    {
      "localization_name": "【国服特供】大家的女仆-米娅·女仆装(by魂琴)",
      "description": "永恒世界",
      "geometry": "geometry.humanoid.customSlim",
      "texture": "【国服特供】大家的女仆-米娅·女仆装(by魂琴).png",
      "type": "free"
    },
    {
      "localization_name": "永恒常量-米娅·夏装(by魂琴)",
      "description": "永恒世界",
      "geometry": "geometry.humanoid.customSlim",
      "texture": "永恒常量-米娅·夏装(by魂琴).png",
      "type": "free"
    },
    {
      "localization_name": "【国服特供】永恒常量-米娅·夏装(by魂琴)",
      "description": "永恒世界",
      "geometry": "geometry.humanoid.customSlim",
      "texture": "【国服特供】永恒常量-米娅·夏装(by魂琴).png",
      "type": "free"
    },
    {
      "localization_name": "清凉一夏-米娅·泳装(by魂琴)",
      "description": "永恒世界",
      "geometry": "geometry.humanoid.customSlim",
      "texture": "清凉一夏-米娅·泳装(by魂琴).png",
      "type": "free"
    },
    {
      "localization_name": "魔法少女-拾伍姬(by依黎)",
      "description": "永恒世界",
      "geometry": "geometry.humanoid.customSlim",
      "texture": "魔法少女-拾伍姬(by依黎).png",
      "type": "free"
    },
    {
      "localization_name": "【国服特供】魔法少女-拾伍姬(by依黎)",
      "description": "永恒世界",
      "geometry": "geometry.humanoid.customSlim",
      "texture": "【国服特供】魔法少女-拾伍姬(by依黎).png",
      "type": "free"
    },
    {
      "localization_name": "魔法少女-子欣(by依黎)",
      "description": "永恒世界",
      "geometry": "geometry.humanoid.customSlim",
      "texture": "魔法少女-子欣.png",
      "type": "free"
    },
    {
      "localization_name": "【国服特供】魔法少女-子欣(by依黎)",
      "description": "永恒世界",
      "geometry": "geometry.humanoid.customSlim",
      "texture": "【国服特供】魔法少女-子欣.png",
      "type": "free"
    },
    {
      "localization_name": "魔法少女-米可(by米库)",
      "description": "永恒世界",
      "geometry": "geometry.humanoid.customSlim",
      "texture": "魔法少女-米可(by米库).png",
      "type": "free"
    },
    {
      "localization_name": "凛冬女皇-菲尼克斯(by魂琴)",
      "description": "永恒世界",
      "geometry": "geometry.humanoid.customSlim",
      "texture": "凛冬女皇-菲尼克斯(by魂琴).png",
      "type": "free"
    },
    {
      "localization_name": "【国服特供】凛冬女皇-菲尼克斯(by魂琴)",
      "description": "永恒世界",
      "geometry": "geometry.humanoid.customSlim",
      "texture": "【国服特供】凛冬女皇-菲尼克斯(by魂琴).png",
      "type": "free"
    },
    {
      "localization_name": "无尽之轮-莫比乌斯咸鱼(by魂琴)",
      "description": "永恒世界",
      "geometry": "geometry.humanoid.customSlim",
      "texture": "无尽之轮-莫比乌斯咸鱼(by魂琴).png",
      "type": "free"
    },
    {
      "localization_name": "【国服特供】无尽之轮-莫比乌斯咸鱼(by魂琴)",
      "description": "永恒世界",
      "geometry": "geometry.humanoid.customSlim",
      "texture": "【国服特供】无尽之轮-莫比乌斯咸鱼(by魂琴).png",
      "type": "free"
    },
    {
      "localization_name": "已消逝的呐喊-索菲娅(by依黎)",
      "description": "永恒世界",
      "geometry": "geometry.humanoid.customSlim",
      "texture": "已消逝的呐喊-索菲娅(by依黎).png",
      "type": "free"
    },
    {
      "localization_name": "【国服特供】已消逝的呐喊-索菲娅(by依黎)",
      "description": "永恒世界",
      "geometry": "geometry.humanoid.customSlim",
      "texture": "【国服特供】已消逝的呐喊-索菲娅(by依黎).png",
      "type": "free"
    },
    {
      "localization_name": "正义人-仙喵(by依黎)",
      "description": "永恒世界",
      "geometry": "geometry.humanoid.customSlim",
      "texture": "正义人-仙喵(by依黎).png",
      "type": "free"
    },
    {
      "localization_name": "【国服特供】正义人-仙喵(by依黎)",
      "description": "永恒世界",
      "geometry": "geometry.humanoid.customSlim",
      "texture": "【国服特供】正义人-仙喵(by依黎).png",
      "type": "free"
    },
    {
      "localization_name": "中奖绝缘体-我不是鱼啊(by依黎)",
      "description": "永恒世界",
      "geometry": "geometry.humanoid.customSlim",
      "texture": "中奖绝缘体-我不是鱼啊(by依黎).png",
      "type": "free"
    },
    {
      "localization_name": "【国服特供】中奖绝缘体-我不是鱼啊(by依黎)",
      "description": "永恒世界",
      "geometry": "geometry.humanoid.customSlim",
      "texture": "【国服特供】中奖绝缘体-我不是鱼啊(by依黎).png",
      "type": "free"
    }
  ],
  "serialize_name": "永恒世界皮肤包",
  "localization_name": "永恒世界皮肤包"
}